afei3,1
akhilv4,1
amackow2,1
amrithb2,1
awaseem2,1
bangaru2,1
chagari2,2
csettl2,1
ctm6,1
davidb2,1
derekli2,1
elainew2,1
ericsz2,1
estelle3,1
eyw3,1
ghli2,1
hcheruv2,1
hcwoo2,2
jaho2,1
jasonx3,1
jeevanm2,1
joan2,1
jsanch84,1
jt12,1
khester4,1
kseol4,1
kukadia2,1
labad2,1
maciejm2,1
mgarc67,1
mharty2,1
mjchou2,1
mkh7,1
mpiter2,1
nfarlow2,1
pharmon2,1
pjg4,1
reedoei2,2
remyang2,1
roe3,1
samrajm2,1
sgbhat2,2
shilpar2,2
smarakp2,1
snadeem2,1
sraj6,1
stevenp6,1
tbaer2,1
tommaso3,1
tonytan2,1
ttl2,1
vszabo2,1
wbutler2,1
zalikh2,1
zhiqic2,1
